"Group","Name","Filename","Format","Period","ActorSet","Type","Selected","MissingValues","NonZeroCode"
"Group1","friends","s50-network1.dat","matrix","1","Actors","network","Yes","NA","1"
"Group1","friends","s50-network2.dat","matrix","2","Actors","network","Yes","NA","1"
"Group1","friends","s50-network3.dat","matrix","3","Actors","network","Yes","NA","1"
"Group1","drink","s50-alcohol.dat","matrix","1","Actors","behavior","Yes","NA","1"
"Group1","smoke","s50-smoke.dat","matrix","1","Actors","behavior","Yes","NA","1"
"Group1","sport","s50-sp2.dat","matrix","1","Actors","changing covariate","Yes","NA","1"
"Group1","drugs","s50-dr2.dat","matrix","1","Actors","changing covariate","Yes","NA","1"
